[
  {
    "name": "Set CSS Class On Elements",
    "id": "fablabchemnitz.de.set_css_class",
    "path": "set_css_class",
    "dependent_extensions": null,
    "original_name": "Set CSS class on elements",
    "original_id": "org.inkscape.stylesheet.set",
    "license": "GNU GPL",
    "license_url": "https://github.com/monomon/inkscape-set-css-class/blob/master/set_css_class.py",
    "comment": "",
    "source_url": "https://gitea.fablabchemnitz.de/FabLab_Chemnitz/mightyscape-1.X/src/branch/master/extensions/fablabchemnitz/set_css_class",
    "fork_url": "https://github.com/monomon/inkscape-set-css-class",
    "documentation_url": "https://stadtfabrikanten.org/display/IFM/Set+CSS+Class+On+Elements",
    "inkscape_gallery_url": null,
    "main_authors": [
      "github.com/monomon",
      "github.com/vmario89"
    ]
  }
]