[
  {
    "name": "Remove Empty Groups",
    "id": "fablabchemnitz.de.remove_empty_groups",
    "path": "remove_empty_groups",
    "original_name": "Remove Empty Groups",
    "original_id": "fablabchemnitz.de.remove_empty_groups",
    "license": "GNU GPL v3",
    "license_url": "https://gitea.fablabchemnitz.de/FabLab_Chemnitz/mightyscape-1.X/src/branch/master/LICENSE",
    "comment": "Written by Mario Voigt",
    "source_url": "https://gitea.fablabchemnitz.de/FabLab_Chemnitz/mightyscape-1.X/src/branch/master/extensions/fablabchemnitz/remove_empty_groups",
    "fork_url": null,
    "documentation_url": "https://stadtfabrikanten.org/display/IFM/Remove+Empty+Groups",
    "inkscape_gallery_url": "https://inkscape.org/de/~MarioVoigt/%E2%98%85remove-empty-groups",
    "main_authors": [
      "github.com/vmario89"
    ]
  }
]