[
  {
    "name": "Optimize Sequence: Travel Distances",
    "id": "fablabchemnitz.de.optimize_sequence_travel_distance",
    "path": "optimize_sequence_travel_distance",
    "original_name": "Reorder Paths for Speed",
    "original_id": "command.evilmadscientist.eggbot.reorder",
    "license": "GNU GPL v3",
    "license_url": "https://github.com/evil-mad/EggBot/blob/master/LICENSE",
    "comment": "",
    "source_url": "https://gitea.fablabchemnitz.de/FabLab_Chemnitz/mightyscape-1.X/src/branch/master/extensions/fablabchemnitz/optimize_sequence_travel_distance",
    "fork_url": "https://github.com/evil-mad/EggBot",
    "documentation_url": "https://stadtfabrikanten.org/display/IFM/Optimize+Sequence%3A+Travel+Distances",
    "inkscape_gallery_url": null,
    "main_authors": [
      "github.com/evil-mad",
      "github.com/vmario89"
    ]
  }
]