[
  {
    "name": "Travel",
    "id": "fablabchemnitz.de.travel",
    "path": "travel",
    "original_name": "Travel",
    "original_id": "travel.rkp8000.inkscape",
    "license": "MIT License",
    "license_url": "https://github.com/rkp8000/inkscape-travel/blob/master/LICENSE",
    "comment": "ported to Inkscape v1 manually by Mario Voigt",
    "source_url": "https://gitea.fablabchemnitz.de/FabLab_Chemnitz/mightyscape-1.X/src/branch/master/extensions/fablabchemnitz/travel",
    "fork_url": "https://github.com/rkp8000/inkscape-travel",
    "documentation_url": "https://stadtfabrikanten.org/display/IFM/Travel",
    "inkscape_gallery_url": null,
    "main_authors": [
      "github.com/rkp8000",
      "github.com/vmario89"
    ]
  }
]