[
  {
    "name": "Apply Transformations",
    "id": "fablabchemnitz.de.apply_transformations",
    "path": "apply_transformations",
    "dependent_extensions": null,
    "original_name": "Apply Transform",
    "original_id": "com.klowner.filter.apply_transform",
    "license": "GNU GPL v2",
    "license_url": "https://github.com/Klowner/inkscape-applytransforms/blob/master/LICENSE.txt",
    "comment": "",
    "source_url": "https://gitea.fablabchemnitz.de/FabLab_Chemnitz/mightyscape-1.X/src/branch/master/extensions/fablabchemnitz/apply_transformations",
    "fork_url": "https://github.com/Klowner/inkscape-applytransforms",
    "documentation_url": "https://stadtfabrikanten.org/display/IFM/Apply+Transformations",
    "inkscape_gallery_url": null,
    "main_authors": [
      "github.com/Klowner",
      "github.com/vmario89"
    ]
  }
]