[
  {
    "name": "Move Path Node",
    "id": "fablabchemnitz.de.move_path_node",
    "path": "move_path_node",
    "original_name": "Move Path Node",
    "original_id": "fablabchemnitz.de.move_path_node",
    "license": "GNU GPL v3",
    "license_url": "https://gitea.fablabchemnitz.de/FabLab_Chemnitz/mightyscape-1.X/src/branch/master/LICENSE",
    "comment": "Written by Mario Voigt",
    "source_url": "https://gitea.fablabchemnitz.de/FabLab_Chemnitz/mightyscape-1.X/src/branch/master/extensions/fablabchemnitz/move_path_node",
    "fork_url": null,
    "documentation_url": "https://stadtfabrikanten.org/display/IFM/Move+Path+Node",
    "inkscape_gallery_url": "https://inkscape.org/~MarioVoigt/%E2%98%85move-path-node",
    "main_authors": [
      "github.com/vmario89"
    ]
  }
]