[
  {
    "name": "Ratchet",
    "id": "fablabchemnitz.de.ratchet",
    "path": "ratchet",
    "original_name": "Ratchet",
    "original_id": "ratchet",
    "license": "GNU GPL v3",
    "license_url": "https://github.com/kie27/draw_ratchet/blob/master/LICENSE",
    "comment": "ported to Inkscape v1 by Mario Voigt",
    "source_url": "https://gitea.fablabchemnitz.de/FabLab_Chemnitz/mightyscape-1.X/src/branch/master/extensions/fablabchemnitz/ratchet",
    "fork_url": "https://github.com/kie27/draw_ratchet",
    "documentation_url": "https://stadtfabrikanten.org/display/IFM/Ratchet",
    "inkscape_gallery_url": null,
    "main_authors": [
      "github.com/kie27",
      "github.com/vmario89"
    ]
  }
]