[
  {
    "name": "Inkcut - <various>",
    "id": "fablabchemnitz.de.inkcut.<various>",
    "path": "inkcut",
    "original_name": "<various>",
    "original_id": "org.ekips.filter.inkcut.<various>",
    "license": "GNU GPL v3",
    "license_url": "https://github.com/inkcut/inkcut/blob/master/LICENSE",
    "comment": "",
    "source_url": "https://gitea.fablabchemnitz.de/FabLab_Chemnitz/mightyscape-1.X/src/branch/master/extensions/fablabchemnitz/inkcut",
    "fork_url": "https://github.com/inkcut/inkcut/tree/master/plugins/inkscape",
    "documentation_url": "https://stadtfabrikanten.org/display/IFM/Inkcut",
    "inkscape_gallery_url": null,
    "main_authors": [
      "github.com/frmdstryr",
      "github.com/vmario89"
    ]
  }
]