[
  {
    "name": "Playing Cards",
    "id": "fablabchemnitz.de.playing_cards",
    "path": "playing_cards",
    "dependent_extensions": null,
    "original_name": "Playing Cards",
    "original_id": "elam.playingcards",
    "license": "GNU GPL v3",
    "license_url": "https://github.com/DerElam/inkscape-extension-playing-cards/blob/master/LICENSE",
    "comment": "",
    "source_url": "https://gitea.fablabchemnitz.de/FabLab_Chemnitz/mightyscape-1.X/src/branch/master/extensions/fablabchemnitz/playing_cards",
    "fork_url": "https://github.com/DerElam/inkscape-extension-playing-cards",
    "documentation_url": "https://stadtfabrikanten.org/display/IFM/Playing+Cards",
    "inkscape_gallery_url": null,
    "main_authors": [
      "github.com/DerElam",
      "github.com/vmario89"
    ]
  }
]