[
  {
    "name": "Box Maker - T-Slot",
    "id": "fablabchemnitz.de.box_maker_t_slot",
    "path": "box_maker_t_slot",
    "dependent_extensions": null,
    "original_name": "T-Slot Box Maker",
    "original_id": "eu.twot.render.my_boxmaker",
    "license": "GNU GPL v3",
    "license_url": "https://github.com/kchimbo/inkscape_tslot_boxmaker/blob/master/LICENSE.md",
    "comment": "",
    "source_url": "https://gitea.fablabchemnitz.de/FabLab_Chemnitz/mightyscape-1.X/src/branch/master/extensions/fablabchemnitz/box_maker_t_slot",
    "fork_url": "https://github.com/kchimbo/inkscape_tslot_boxmaker",
    "documentation_url": "https://stadtfabrikanten.org/display/IFM/Box+Maker+-+T-Slot",
    "inkscape_gallery_url": null,
    "main_authors": [
      "github.com/kchimbo",
      "github.com/vmario89"
    ]
  }
]