[
  {
    "name": "Import Attributes",
    "id": "fablabchemnitz.de.import_attributes",
    "path": "import_attributes",
    "dependent_extensions": null,
    "original_name": "Import Attributes",
    "original_id": "com.mathem.attrib_import.py",
    "license": "GNU LGPL v2",
    "license_url": "https://inkscape.org/~MatheM/%E2%98%85simple-attribute-editor+1",
    "comment": "ported to Inkscape v1 manually by Mario Voigt",
    "source_url": "https://gitea.fablabchemnitz.de/FabLab_Chemnitz/mightyscape-1.X/src/branch/master/extensions/fablabchemnitz/import_attributes",
    "fork_url": "https://inkscape.org/~MatheM/%E2%98%85simple-attribute-editor+1",
    "documentation_url": "https://stadtfabrikanten.org/display/IFM/Import+Attributes",
    "inkscape_gallery_url": null,
    "main_authors": [
      "inkscape.org/MatheM",
      "github.com/vmario89"
    ]
  }
]