[
  {
    "name": "Low Poly 2",
    "id": "fablabchemnitz.de.low_poly_2",
    "path": "low_poly_2",
    "dependent_extensions": null,
    "original_name": "★Delauney From Path",
    "original_id": "miffy.sora.polygonalart",
    "license": "MIT License",
    "license_url": "https://github.com/miffysora/Inkscape/blob/master/LICENSE",
    "comment": "ported to Inkscape v1 manually by Mario Voigt; delauney_from_path",
    "source_url": "https://gitea.fablabchemnitz.de/FabLab_Chemnitz/mightyscape-1.X/src/branch/master/extensions/fablabchemnitz/low_poly_2",
    "fork_url": "https://github.com/miffysora/Inkscape",
    "documentation_url": "https://stadtfabrikanten.org/display/IFM/Low+Poly+2",
    "inkscape_gallery_url": null,
    "main_authors": [
      "github.com/miffysora",
      "github.com/vmario89"
    ]
  }
]