[
  {
    "name": "Convert To Polylines",
    "id": "fablabchemnitz.de.convert_to_polylines",
    "path": "convert_to_polylines",
    "original_name": "Convert To Polylines",
    "original_id": "fablabchemnitz.de.convert_to_polylines",
    "license": "GNU GPL v3",
    "license_url": "https://gitea.fablabchemnitz.de/FabLab_Chemnitz/mightyscape-1.X/src/branch/master/LICENSE",
    "comment": "Written by Mario Voigt",
    "source_url": "https://gitea.fablabchemnitz.de/FabLab_Chemnitz/mightyscape-1.X/src/branch/master/extensions/fablabchemnitz/convert_to_polylines",
    "fork_url": null,
    "documentation_url": "https://stadtfabrikanten.org/display/IFM/Convert+To+Polylines",
    "inkscape_gallery_url": "https://inkscape.org/~MarioVoigt/%E2%98%85convert-to-polylines",
    "main_authors": [
      "github.com/vmario89"
    ]
  }
]