[
  {
    "name": "Destructive Clip",
    "id": "fablabchemnitz.de.destructive_clip",
    "path": "destructive_clip",
    "dependent_extensions": null,
    "original_name": "Destructive Clip",
    "original_id": "com.funnypolynomial.inkscape.extension.destructiveclip",
    "license": "MIT License",
    "license_url": "https://github.com/funnypolynomial/DestructiveClip/blob/master/LICENSE",
    "comment": "",
    "source_url": "https://gitea.fablabchemnitz.de/FabLab_Chemnitz/mightyscape-1.X/src/branch/master/extensions/fablabchemnitz/destructive_clip",
    "fork_url": "https://github.com/funnypolynomial/DestructiveClip",
    "documentation_url": "https://stadtfabrikanten.org/display/IFM/Destructive+Clip",
    "inkscape_gallery_url": null,
    "main_authors": [
      "github.com/funnypolynomial",
      "github.com/vmario89"
    ]
  }
]