[
  {
    "name": "Rotations - <various>",
    "id": "fablabchemnitz.de.rotations_<various>",
    "path": "rotations",
    "original_name": "Rotate for <various>",
    "original_id": "org.bg.filter.rotate<various>",
    "license": "GNU GPL v2",
    "license_url": "https://github.com/hobzcalvin/LaserPrep/*.py",
    "comment": "ported to Inkscape v1 by Mario Voigt",
    "source_url": "https://gitea.fablabchemnitz.de/FabLab_Chemnitz/mightyscape-1.X/src/branch/master/extensions/fablabchemnitz/rotations",
    "fork_url": "https://github.com/hobzcalvin/LaserPrep",
    "documentation_url": "",
    "inkscape_gallery_url": null,
    "main_authors": [
      "github.com/hobzcalvin",
      "github.com/vmario89"
    ]
  }
]