[
  {
    "name": "Card Layout Guides",
    "id": "fablabchemnitz.de.card_layout_guides",
    "path": "card_layout_guides",
    "original_name": "Cards",
    "original_id": "phillips.effect.cardlayoutguides",
    "license": "GNU GPL v2",
    "license_url": "https://sourceforge.net/p/razorfoss/svn/HEAD/tree/trunk/Inkscape/LayoutGuides/CardLayoutGuides.py",
    "comment": "",
    "source_url": "https://gitea.fablabchemnitz.de/FabLab_Chemnitz/mightyscape-1.X/src/branch/master/extensions/fablabchemnitz/card_layout_guides",
    "fork_url": "https://sourceforge.net/p/razorfoss/svn/HEAD/tree/trunk/Inkscape/LayoutGuides/",
    "documentation_url": "https://stadtfabrikanten.org/display/IFM/Card+Layout+Guides",
    "inkscape_gallery_url": null,
    "main_authors": [
      "Luke Phillips:lukerazor@hotmail.com",
      "github.com/vmario89"
    ]
  }
]
