[
  {
    "name": "Export Selection As ...",
    "id": "fablabchemnitz.de.export_selection_as",
    "path": "export_selection_as",
    "original_name": "Export selection as svg",
    "original_id": "sk.linuxos.export_selection",
    "license": "MIT License",
    "license_url": "https://github.com/mireq/inkscape-export-selection-as-svg/blob/master/LICENSE",
    "comment": "",
    "source_url": "https://gitea.fablabchemnitz.de/FabLab_Chemnitz/mightyscape-1.X/src/branch/master/extensions/fablabchemnitz/export_selection_as",
    "fork_url": "https://github.com/mireq/inkscape-export-selection-as-svg",
    "documentation_url": "https://stadtfabrikanten.org/pages/viewpage.action?pageId=104923223",
    "inkscape_gallery_url": null,
    "main_authors": [
      "github.com/mireq",  
      "github.com/vmario89"
    ]
  }
]