[
  {
    "name": "Scale To Path Length",
    "id": "fablabchemnitz.de.scale_to_path_length",
    "path": "scale_to_path_length",
    "original_name": "Paste Length",
    "original_id": "paste.svg.paste.length",
    "license": "GNU GPL v2",
    "license_url": "ported to Inkscape v1 by Mario Voigt",
    "comment": "",
    "source_url": "https://gitea.fablabchemnitz.de/FabLab_Chemnitz/mightyscape-1.X/src/branch/master/extensions/fablabchemnitz/scale_to_path_length",
    "fork_url": "https://github.com/Shriinivas/inkscapepastelength",
    "documentation_url": "https://stadtfabrikanten.org/display/IFM/Scale+To+Path+Length",
    "inkscape_gallery_url": null,
    "main_authors": [
      "github.com/Shriinivas",  
      "github.com/vmario89"
    ]
  }
]