[
  {
    "name": "Duplicate + Reverse + Join",
    "id": "fablabchemnitz.de.duplicate_reverse_join",
    "path": "duplicate_reverse_join",
    "dependent_extensions": null,
    "original_name": "Duplicate, reverse, join",
    "original_id": "EllenWasbo.cutlings.duplicateReverseJoin",
    "license": "GNU GPL v2",
    "license_url": "https://gitlab.com/EllenWasbo/inkscape-extension-duplicatereversejoin/-/blob/master/duplicateReverseJoin.py",
    "comment": "",
    "source_url": "https://gitea.fablabchemnitz.de/FabLab_Chemnitz/mightyscape-1.X/src/branch/master/extensions/fablabchemnitz/duplicate_reverse_joi",
    "fork_url": "https://gitlab.com/EllenWasbo/inkscape-extension-duplicatereversejoin",
    "documentation_url": "https://stadtfabrikanten.org/pages/viewpage.action?pageId=120525059",
    "inkscape_gallery_url": null,
    "main_authors": [
      "gitlab.com/EllenWasbo",
      "github.com/vmario89"
    ]
  }
]