[
  {
    "name": "Unwind Paths",
    "id": "fablabchemnitz.de.unwind_paths",
    "path": "unwind_paths",
    "original_name": "Unwind Paths",
    "original_id": "fablabchemnitz.de.unwind_paths",
    "license": "GNU GPL v3",
    "license_url": "https://gitea.fablabchemnitz.de/FabLab_Chemnitz/mightyscape-1.X/src/branch/master/LICENSE",
    "comment": "Created by Mario Voigt",
    "source_url": "https://gitea.fablabchemnitz.de/FabLab_Chemnitz/mightyscape-1.X/src/branch/master/extensions/fablabchemnitz/unwind_paths",
    "fork_url": null,
    "documentation_url": "https://stadtfabrikanten.org/display/IFM/Unwind+Paths",
    "inkscape_gallery_url": "https://inkscape.org/de/~MarioVoigt/%E2%98%85unwind-paths",
    "main_authors": [
      "github.com/vmario89"
    ]
  }
]