[
  {
    "name": "Shirt Waist (Sara May Allington)",
    "id": "fablabchemnitz.de.shirt_waist",
    "path": "shirt_waist",
    "original_name": "unknown",
    "original_id": "unknown",
    "license": "GNU GPL v2 / CC BY-NC 3.0",
    "license_url": "https://docs.google.com/file/d/0BxsnjDIHW4yvZUl5SUxLTHZHems/edit",
    "comment": "ported to Inkscape v1 by Mario Voigt",
    "source_url": "https://gitea.fablabchemnitz.de/FabLab_Chemnitz/mightyscape-1.X/src/branch/master/extensions/fablabchemnitz/shirt_waist",
    "fork_url": "http://www.taumeta.org/?page_id=247",
    "documentation_url": "https://stadtfabrikanten.org/pages/viewpage.action?pageId=55018402",
    "inkscape_gallery_url": null,
    "main_authors": [
      "taumeta.org/Susan Spencer",
      "taumeta.org/Steve Conklin",
      "github.com/vmario89"
    ]
  }
]