[
  {
    "name": "Strip Line",
    "id": "fablabchemnitz.de.strip_line",
    "path": "strip_line",
    "original_name": "ストリップライン",
    "original_id": "miffy.sora.stripline",
    "license": "MIT License",
    "license_url": "https://github.com/miffysora/Inkscape/blob/master/LICENSE",
    "comment": "ported to Inkscape v1 manually by Mario Voigt",
    "source_url": "https://gitea.fablabchemnitz.de/FabLab_Chemnitz/mightyscape-1.X/src/branch/master/extensions/fablabchemnitz/strip_line",
    "fork_url": "https://github.com/miffysora/Inkscape",
    "documentation_url": "",
    "inkscape_gallery_url": null,
    "main_authors": [
      "github.com/miffysora",
      "github.com/vmario89"
    ]
  }
]