[
  {
    "name": "Show Path Coordinates",
    "id": "fablabchemnitz.de.show_path_coordinates",
    "path": "show_path_coordinates",
    "original_name": "Export XY",
    "original_id": "org.simarilius.filter.ExportXY",
    "license": "GNU GPL v3",
    "license_url": "https://github.com/jwcliff/Inkscape_Exportxy/blob/master/LICENSE",
    "comment": "ported to Inkscape v1 by Mario Voigt",
    "source_url": "https://gitea.fablabchemnitz.de/FabLab_Chemnitz/mightyscape-1.X/src/branch/master/extensions/fablabchemnitz/show_path_coordinates",
    "fork_url": "https://github.com/jwcliff/Inkscape_Exportxy",
    "documentation_url": "https://stadtfabrikanten.org/display/IFM/Show+Path+Coordinates",
    "inkscape_gallery_url": null,
    "main_authors": [
      "github.com/jwcliff",
      "github.com/vmario89"
    ]
  }
]