[
  {
    "name": "Gears2",
    "id": "fablabchemnitz.de.gears2",
    "path": "gears2",
    "dependent_extensions": null,
    "original_name": "Gears2",
    "original_id": "com.attoparsec.filter.gears",
    "license": "GNU GPL v2",
    "license_url": "https://gitlab.com/inkscape/extensions/-/blob/master/render_gears.py",
    "comment": "",
    "source_url": "https://gitea.fablabchemnitz.de/FabLab_Chemnitz/mightyscape-1.X/src/branch/master/extensions/fablabchemnitz/gears2",
    "fork_url": "https://github.com/attoparsec/inkscape-extensions",
    "documentation_url": "https://stadtfabrikanten.org/display/IFM/Gears2",
    "inkscape_gallery_url": null,
    "main_authors": [
      "github.com/attoparsec",
      "github.com/vmario89"
    ]
  }
]