[
  {
    "name": "Guilloche <various>",
    "id": "fablabchemnitz.de.guilloche_creations.guilloche_contour",
    "path": "guilloche_contour",
    "dependent_extensions": null,
    "original_name": "Guilloche <various>",
    "original_id": "org.inkscape.effect.guilloche_<various>",
    "license": "GNU GPL v3",
    "license_url": "https://inkscape.org/de/~DrWiggly/%E2%98%85guillocheextensions-for-v1x",
    "comment": "fork of https://inkscape.org/de/~fluent_user/%E2%98%85guilloche-pattern-extension",
    "source_url": "https://gitea.fablabchemnitz.de/FabLab_Chemnitz/mightyscape-1.X/src/branch/master/extensions/fablabchemnitz/guilloche_creations",
    "fork_url": "https://inkscape.org/de/~DrWiggly/%E2%98%85guillocheextensions-for-v1x",
    "documentation_url": "https://stadtfabrikanten.org/display/IFM/Guilloche+Pattern",
    "inkscape_gallery_url": null,
    "main_authors": [
      "inkscape.org/fluent_user",
      "inkscape.org/DrWiggly",
      "github.com/vmario89"
    ]
  }
]