[
  {
    "name": "Purge Duplicate Path Nodes",
    "id": "fablabchemnitz.de.purge_duplicate_path_nodes",
    "path": "purge_duplicate_path_nodes",
    "original_name": "Remove duplicate nodes",
    "original_id": "EllenWasbo.cutlings.RemoveDuplicateNodes",
    "license": "GNU GPL v2",
    "license_url": "https://gitlab.com/EllenWasbo/inkscape-extension-removeduplicatenodes/-/blob/master/removeDuplicateNodes.py",
    "comment": "",
    "source_url": "https://gitea.fablabchemnitz.de/FabLab_Chemnitz/mightyscape-1.X/src/branch/master/extensions/fablabchemnitz/purge_duplicate_path_nodes",
    "fork_url": "https://gitlab.com/EllenWasbo/inkscape-extension-removeduplicatenodes",
    "documentation_url": "https://stadtfabrikanten.org/display/IFM/Purge+Duplicate+Path+Nodes",
    "inkscape_gallery_url": null,
    "main_authors": [
      "gitlab.com/EllenWasbo",
      "github.com/vmario89"
    ]
  }
]
