[
  {
    "name": "Box Maker - Conical",
    "id": "fablabchemnitz.de.box_maker_conical",
    "path": "box_maker_conical",
    "original_name": "Conical Box Maker",
    "original_id": "fr.fablab-lannion.inkscape.conical_box",
    "license": "GNU LGPL v3",
    "license_url": "https://github.com/thierry7100/ConicBox/blob/master/LICENSE",
    "comment": "successor of https://github.com/thierry7100/ConeFlex",
    "source_url": "https://gitea.fablabchemnitz.de/FabLab_Chemnitz/mightyscape-1.X/src/branch/master/extensions/fablabchemnitz/box_maker_conical",
    "fork_url": "https://github.com/thierry7100/ConicBox",
    "documentation_url": "https://stadtfabrikanten.org/display/IFM/Box+Maker+-+Conical",
    "inkscape_gallery_url": null,
    "main_authors": [
      "github.com/thierry7100",
      "github.com/vmario89"
    ]
  }
]