[
  {
    "name": "About/Upgrade MightyScape",
    "id": "fablabchemnitz.de.about_upgrade_mightyscape",
    "path": "about_upgrade_mightyscape",
    "original_name": "About/Upgrade MightyScape",
    "original_id": "fablabchemnitz.de.about_upgrade_mightyscape",
    "license": "GNU GPL v3",
    "license_url": "https://gitea.fablabchemnitz.de/FabLab_Chemnitz/mightyscape-1.X/src/branch/master/LICENSE",
    "comment": "",
    "source_url": "https://gitea.fablabchemnitz.de/FabLab_Chemnitz/mightyscape-1.X/src/branch/master/extensions/fablabchemnitz/about_upgrade_mightyscape",
    "fork_url": null,
    "documentation_url": "https://stadtfabrikanten.org/display/IFM/MightyScape+1.X+-+Introduction+and+Installation",
    "inkscape_gallery_url": null,
    "main_authors": [
      "github.com/vmario89"
    ]
  }
]