[
  {
    "name": "Fun Shapes",
    "id": "fablabchemnitz.de.fun_shapes",
    "path": "fun_shapes",
    "dependent_extensions": null,
    "original_name": "Fun Shapes",
    "original_id": "org.inkscape.funshapes",
    "license": "GNU GPL v3",
    "license_url": "https://inkscape.org/~inklinea/%E2%98%85funshapes",
    "comment": "",
    "source_url": "https://gitea.fablabchemnitz.de/FabLab_Chemnitz/mightyscape-1.X/src/branch/master/extensions/fablabchemnitz/fun_shapes",
    "fork_url": "https://inkscape.org/~inklinea/%E2%98%85funshapes",
    "documentation_url": "https://stadtfabrikanten.org/display/IFM/Fun+Shapes",
    "inkscape_gallery_url": null,
    "main_authors": [
      "inkscape.org/inklinea",
      "github.com/vmario89"
    ]
  }
]