[
  {
    "name": "Paperfold",
    "id": "fablabchemnitz.de.paperfold",
    "path": "paperfold",
    "original_name": "Paperfold",
    "original_id": "fablabchemnitz.de.paperfold",
    "license": "GNU GPL v3",
    "license_url": "https://gitea.fablabchemnitz.de/FabLab_Chemnitz/mightyscape-1.X/src/branch/master/LICENSE",
    "comment": "Written by Mario Voigt, based on https://github.com/felixfeliz/paperfoldmodels",
    "source_url": "https://gitea.fablabchemnitz.de/FabLab_Chemnitz/mightyscape-1.X/src/branch/master/extensions/fablabchemnitz/paperfold",
    "fork_url": null,
    "documentation_url": "https://stadtfabrikanten.org/display/IFM/Paperfold",
    "inkscape_gallery_url": "https://inkscape.org/~MarioVoigt/%E2%98%85paperfold",
    "main_authors": [
      "github.com/felixfeliz",
      "github.com/vmario89"
    ]
  }
]