[
  {
    "name": "<various>",
    "id": "fablabchemnitz.de.cutcraft.<various>",
    "path": "cutcraft",
    "dependent_extensions": null,
    "original_name": "<various>",
    "original_id": "cutcraft.<various>",
    "license": "GNU GPL v3",
    "license_url": "https://github.com/m-matthews/cut-craft/blob/master/LICENSE",
    "comment": "",
    "source_url": "https://gitea.fablabchemnitz.de/FabLab_Chemnitz/mightyscape-1.X/src/branch/master/extensions/fablabchemnitz/cutcraft",
    "fork_url": "https://github.com/m-matthews/cut-craft",
    "documentation_url": [
      "https://stadtfabrikanten.org/display/IFM/Cut-Craft+Boxes",
      "https://stadtfabrikanten.org/display/IFM/Cut-Craft+Cylinder",
      "https://stadtfabrikanten.org/display/IFM/Cut-Craft+RollerBot"
      ],
    "inkscape_gallery_url": null,
    "main_authors": [
      "github.com/m-matthews",
      "github.com/vmario89"
    ]
  }
]