[
  {
    "name": "Triangular Grid",
    "id": "fablabchemnitz.de.triangular_grid",
    "path": "triangular_grid",
    "dependent_extensions": null,
    "original_name": "Triangular Grid",
    "original_id": "grid.triangular",
    "license": "GNU GPL v2",
    "license_url": "https://github.com/cds4/inkscape-grids/blob/master/grid_triangular.py",
    "comment": "ported to Inkscape v1 by Mario Voigt",
    "source_url": "https://gitea.fablabchemnitz.de/FabLab_Chemnitz/mightyscape-1.X/src/branch/master/extensions/fablabchemnitz/triangular_grid",
    "fork_url": "https://github.com/cds4/inkscape-grids",
    "documentation_url": "https://stadtfabrikanten.org/display/IFM/Triangular+Grid",
    "inkscape_gallery_url": null,
    "main_authors": [
      "github.com/cds4",
      "github.com/vmario89"
    ]
  }
]