[
  {
    "name": "Create Hexmap",
    "id": "fablabchemnitz.de.create_hexmap",
    "path": "create_hexmap",
    "original_name": "Create Hexmap",
    "original_id": "pelles.effect.hexmap",
    "license": "GNU GPL v2",
    "license_url": "https://github.com/lifelike/hexmapextension/blob/master/README.org",
    "comment": "",
    "source_url": "https://gitea.fablabchemnitz.de/FabLab_Chemnitz/mightyscape-1.X/src/branch/master/extensions/fablabchemnitz/create_hexmap",
    "fork_url": "https://github.com/lifelike/hexmapextension",
    "documentation_url": "https://stadtfabrikanten.org/display/IFM/Create+Hexmap",
    "inkscape_gallery_url": null,
    "main_authors": [
      "github.com/lifelike",
      "github.com/pmjdebruijn",
      "github.com/UnicodingUnicorn",
      "github.com/vmario89"
    ]
  }
]