[
  {
    "name": "Archimedes Spiral",
    "id": "fablabchemnitz.de.archimedes_spiral",
    "path": "archimedes_spiral",
    "dependent_extensions": null,
    "original_name": "speira",
    "original_id": "org.ekips.filter.s2",
    "license": "GNU GPL v2",
    "license_url": "https://inkscape.org/de/~panos/%E2%98%85speira?c=16537",
    "comment": "",
    "source_url": "https://gitea.fablabchemnitz.de/FabLab_Chemnitz/mightyscape-1.X/src/branch/master/extensions/fablabchemnitz/archimedes_spiral",
    "fork_url": "https://inkscape.org/de/~panos/%E2%98%85speira?c=16537",
    "documentation_url": "https://stadtfabrikanten.org/display/IFM/Archimedes+Spiral",
    "inkscape_gallery_url": null,
    "main_authors": [
      "inkscape.org/panos",
      "github.com/vmario89"
    ]
  }
]