[
  {
    "name": "Quick Joint",
    "id": "fablabchemnitz.de.quick_joint",
    "path": "quick_joint",
    "dependent_extensions": null,
    "original_name": "QuickJoint",
    "original_id": "org.inkscape.filter.quickjoint",
    "license": "GNU GPL v3",
    "license_url": "https://github.com/JarrettR/QuickJoint/blob/master/LICENSE",
    "comment": "",
    "source_url": "https://gitea.fablabchemnitz.de/FabLab_Chemnitz/mightyscape-1.X/src/branch/master/extensions/fablabchemnitz/quick_joint",
    "fork_url": "https://github.com/JarrettR/QuickJoint",
    "documentation_url": "https://stadtfabrikanten.org/display/IFM/Quick+Joint",
    "inkscape_gallery_url": null,
    "main_authors": [
      "github.com/JarrettR",
      "github.com/vmario89"
    ]
  }
]