[
  {
    "name": "Collar",
    "id": "fablabchemnitz.de.collar",
    "path": "collar",
    "dependent_extensions": null,
    "original_name": "Collar",
    "original_id": "org.inkscape.collarz",
    "license": "GNU GPL v3",
    "license_url": "https://github.com/obzerving/Collarz/blob/main/LICENSE",
    "comment": "",
    "source_url": "https://gitea.fablabchemnitz.de/FabLab_Chemnitz/mightyscape-1.X/src/branch/master/extensions/fablabchemnitz/collar",
    "fork_url": "https://github.com/obzerving/Collarz",
    "documentation_url": "https://stadtfabrikanten.org/display/IFM/Collar",
    "inkscape_gallery_url": null,
    "main_authors": [
      "github.com/obzerving",
      "github.com/vmario89"
    ]
  }
]