[
  {
    "name": "Sprocket",
    "id": "fablabchemnitz.de.sprocket",
    "path": "sprocket",
    "original_name": "Sprocket",
    "original_id": "com.attoparsec.filter.sprockets",
    "license": "GNU GPL v2",
    "license_url": "https://github.com/attoparsec/inkscape-extensions/blob/master/sprockets.py",
    "comment": "ported to Inkscape v1 by Mario Voigt",
    "source_url": "https://gitea.fablabchemnitz.de/FabLab_Chemnitz/mightyscape-1.X/src/branch/master/extensions/fablabchemnitz/sprocket",
    "fork_url": "https://github.com/attoparsec/inkscape-extensions",
    "documentation_url": "https://stadtfabrikanten.org/display/IFM/Sprocket",
    "inkscape_gallery_url": null,
    "main_authors": [
      "github.com/attoparsec",
      "github.com/vmario89"
    ]
  }
]