[
  {
    "name": "Jitter Gradients",
    "id": "fablabchemnitz.de.jitter_gradients",
    "path": "jitter_gradients",
    "original_name": "Jitter Gradients",
    "original_id": "org.inkscape.color.jittergradients",
    "license": "GNU GPL v2",
    "license_url": "https://inkscape.org/~vermette/%E2%98%85jitter-gradients",
    "comment": "ported to Inkscape v1 manually by Mario Voigt",
    "source_url": "https://gitea.fablabchemnitz.de/FabLab_Chemnitz/mightyscape-1.X/src/branch/master/extensions/fablabchemnitz/jitter_gradients",
    "fork_url": "https://inkscape.org/~vermette/%E2%98%85jitter-gradients",
    "documentation_url": "https://stadtfabrikanten.org/display/IFM/Jitter+Gradients",
    "inkscape_gallery_url": null,
    "main_authors": [
      "inkscape.org/vermette",
      "github.com/vmario89"
    ]
  }
]