[
  {
    "name": "Colorize Path Lengths",
    "id": "fablabchemnitz.de.colorize_path_lengths",
    "path": "colorize_path_lengths",
    "original_name": "<unknown>",
    "original_id": "<unknown>",
    "license": "GNU GPL v2",
    "license_url": "http://dp48069596.lolipop.jp/sd/scripts/script_inkscape/pathselection.zip",
    "comment": "ported to Inkscape v1 manually by Mario Voigt",
    "source_url": "https://gitea.fablabchemnitz.de/FabLab_Chemnitz/mightyscape-1.X/src/branch/master/extensions/fablabchemnitz/colorize_path_lengths",
    "fork_url": "http://dp48069596.lolipop.jp/sd/scripts/script_inkscape/pathselection.zip",
    "documentation_url": "https://stadtfabrikanten.org/display/IFM/Colorize+Path+Lengths",
    "inkscape_gallery_url": null,
    "main_authors": [
      "Sunabe Kazumichi",
      "github.com/vmario89"
    ]
  }
]