[
  {
    "name": "Fibonacci Pattern",
    "id": "fablabchemnitz.de.fibonacci_pattern",
    "path": "fibonacci_pattern",
    "original_name": "Beauty Full Day Fibonacci Pattern",
    "original_id": "com.beautyfullday.inkscape.fibonaccipattern",
    "license": "GNU GPL v2",
    "license_url": "https://github.com/mostekcm/beautyfullday_fibonaccipattern/blob/master/render_fibonaccipattern.py",
    "comment": "ported to Inkscape v1 by Mario Voigt",
    "source_url": "https://gitea.fablabchemnitz.de/FabLab_Chemnitz/mightyscape-1.X/src/branch/master/extensions/fablabchemnitz/fibonacci_pattern",
    "fork_url": "https://github.com/mostekcm/beautyfullday_fibonaccipattern",
    "documentation_url": "https://stadtfabrikanten.org/display/IFM/Fibonacci+Pattern",
    "inkscape_gallery_url": null,
    "main_authors": [
      "github.com/mostekcm",
      "github.com/vmario89"
    ]
  }
]