[
  {
    "name": "Insert Paper Template",
    "id": "fablabchemnitz.de.insert_paper_template",
    "path": "insert_paper_template",
    "dependent_extensions": null,
    "original_name": "Insert Paper Template",
    "original_id": "phillips.effect.papertemplate",
    "license": "GNU GPL v2",
    "license_url": "https://sourceforge.net/p/razorfoss/svn/HEAD/tree/trunk/Inkscape/InsertPaperTemplate/InsertPaperTemplate.py",
    "comment": "",
    "source_url": "https://gitea.fablabchemnitz.de/FabLab_Chemnitz/mightyscape-1.X/src/branch/master/extensions/fablabchemnitz/insert_paper_template",
    "fork_url": "https://sourceforge.net/p/razorfoss/svn/HEAD/tree/trunk/Inkscape/InsertPaperTemplate/",
    "documentation_url": "https://stadtfabrikanten.org/display/IFM/Insert+Paper+Template",
    "inkscape_gallery_url": null,
    "main_authors": [
      "Luke Phillips:lukerazor@hotmail.com",
      "github.com/vmario89"
    ]
  }
]