[
  {
    "name": "Scale To Real",
    "id": "fablabchemnitz.de.scale_to_real",
    "path": "scale_to_real",
    "original_name": "RealScale",
    "original_id": "org.inkscape.effect.realscale",
    "license": "GNU GPL v3",
    "license_url": "https://gitlab.com/Moini/inkscape-realscale-extension/-/blob/master/realscale_LICENSE",
    "comment": "ported to Inkscape v1 by Mario Voigt",
    "source_url": "https://gitea.fablabchemnitz.de/FabLab_Chemnitz/mightyscape-1.X/src/branch/master/extensions/fablabchemnitz/scale_to_real",
    "fork_url": "https://gitlab.com/Moini/inkscape-realscale-extension",
    "documentation_url": "",
    "inkscape_gallery_url": null,
    "main_authors": [
      "gitlab.com/Moini",  
      "github.com/vmario89"
    ]
  }
]