[
  {
    "name": "Hex Tiles",
    "id": "fablabchemnitz.de.hex_tiles",
    "path": "hex_tiles",
    "dependent_extensions": null,
    "original_name": "Hex tiles",
    "original_id": "phillips.effect.hexlayoutguides",
    "license": "GNU GPL v2",
    "license_url": "https://sourceforge.net/p/razorfoss/svn/HEAD/tree/trunk/Inkscape/LayoutGuides/HexLayoutGuides.py",
    "comment": "",
    "source_url": "https://gitea.fablabchemnitz.de/FabLab_Chemnitz/mightyscape-1.X/src/branch/master/extensions/fablabchemnitz/hex_tiles",
    "fork_url": "https://sourceforge.net/p/razorfoss/svn/HEAD/tree/trunk/Inkscape/LayoutGuides/",
    "documentation_url": "https://stadtfabrikanten.org/display/IFM/Hex+Tiles",
    "inkscape_gallery_url": null,
    "main_authors": [
      "Luke Phillips:lukerazor@hotmail.com",
      "github.com/vmario89"
    ]
  }
]