[
  {
    "name": "Ungrouper And Element Migrator/Filter",
    "id": "fablabchemnitz.de.ungrouper_and_element_migrator_filter",
    "path": "ungrouper_and_element_migrator_filter",
    "original_name": "Ungrouper And Element Migrator/Filter",
    "original_id": "fablabchemnitz.de.ungrouper_and_element_migrator_filter",
    "license": "GNU GPL v3",
    "license_url": "https://gitea.fablabchemnitz.de/FabLab_Chemnitz/mightyscape-1.X/src/branch/master/LICENSE",
    "comment": "Created by Mario Voigt",
    "source_url": "https://gitea.fablabchemnitz.de/FabLab_Chemnitz/mightyscape-1.X/src/branch/master/extensions/fablabchemnitz/ungrouper_and_element_migrator_filter",
    "fork_url": null,
    "documentation_url": "https://stadtfabrikanten.org/pages/viewpage.action?pageId=77267295",
    "inkscape_gallery_url": "https://inkscape.org/de/~MarioVoigt/%E2%98%85ungrouper-and-element-migratorfilter",
    "main_authors": [
      "github.com/vmario89"
    ]
  }
]