[
  {
    "name": "Blueprint Maker",
    "id": "fablabchemnitz.de.blueprint_maker",
    "path": "blueprint_maker",
    "original_name": "Blueprint Maker",
    "original_id": "org.inkscape.blueprint-maker",
    "license": "GNU AGPL v3",
    "license_url": "https://framagit.org/SxncR0OR/inkscape-extension-blueprint/-/blob/master/LICENSE.md",
    "comment": "",
    "source_url": "https://gitea.fablabchemnitz.de/FabLab_Chemnitz/mightyscape-1.X/src/branch/master/extensions/fablabchemnitz/blueprint_maker",
    "fork_url": "https://framagit.org/SxncR0OR/inkscape-extension-blueprint",
    "documentation_url": "https://stadtfabrikanten.org/display/IFM/Blueprint+Maker",
    "inkscape_gallery_url": null,
    "main_authors": [
      "framagit.org/SxncR0OR",
      "github.com/vmario89"
    ]
  }
]