[
  {
    "name": "GPX Import",
    "id": "fablabchemnitz.de.gpx_import",
    "path": "gpx_import",
    "dependent_extensions": null,
    "original_name": "GPX Import",
    "original_id": "mono.inkscape.pgx_input",
    "license": "GNU GPL v2",
    "license_url": "https://inkscape.org/de/~mono/%E2%98%85inkgpx2svg",
    "comment": "",
    "source_url": "https://gitea.fablabchemnitz.de/FabLab_Chemnitz/mightyscape-1.X/src/branch/master/extensions/fablabchemnitz/gpx_import",
    "fork_url": "https://git.disroot.org/monomono/inkgpx2svg",
    "documentation_url": "https://stadtfabrikanten.org/display/IFM/GPX+Import",
    "inkscape_gallery_url": null,
    "main_authors": [
      "inkscape.org/mono",
      "github.com/vmario89"
    ]
  }
]