[
  {
    "name": "Inkscape Output Pro",
    "id": "fablabchemnitz.de.output_pro",
    "path": "output_pro",
    "dependent_extensions": null,
    "original_name": "Inkscape Output Pro",
    "original_id": "org.inkscape.outputpro",
    "license": "GNU GPL v2",
    "license_url": "https://github.com/jonata/Inkscape-OUTPUT-PRO/blob/master/LICENSE.txt",
    "comment": "ported to Inkscape v1 by Mario Voigt",
    "source_url": "https://gitea.fablabchemnitz.de/FabLab_Chemnitz/mightyscape-1.X/src/branch/master/extensions/fablabchemnitz/output_pro",
    "fork_url": "https://github.com/jonata/Inkscape-OUTPUT-PRO",
    "documentation_url": "https://stadtfabrikanten.org/display/IFM/Output+Pro+for+Inkscape",
    "inkscape_gallery_url": null,
    "main_authors": [
      "github.com/jonata",
      "github.com/vmario89"
    ]
  }
]