[
  {
    "name": "Close Paths",
    "id": "fablabchemnitz.de.close_paths",
    "path": "close_paths",
    "dependent_extensions": null,
    "original_name": "Close curves",
    "original_id": "ru.cnc-club.filter.close_curves",
    "license": "GNU GPL v2",
    "license_url": "https://www.cnc-club.ru/forum/download/file.php?id=94&sid=63473c1c91035bea64a8986cd1ab292c",
    "comment": "ported to Inkscape v1 by Mario Voigt; See https://www.cnc-club.ru/forum/viewtopic.php?f=15&t=37&p=92",
    "source_url": "https://gitea.fablabchemnitz.de/FabLab_Chemnitz/mightyscape-1.X/src/branch/master/extensions/fablabchemnitz/close_paths",
    "fork_url": "https://www.cnc-club.ru/forum/download/file.php?id=94&sid=63473c1c91035bea64a8986cd1ab292c",
    "documentation_url": "https://stadtfabrikanten.org/display/IFM/Close+Paths",
    "inkscape_gallery_url": null,
    "main_authors": [
      "Nick Drobchenko:nick@cnc-club.ru",
      "github.com/vmario89"
    ]
  }
]