[
  {
    "name": "Simple Frame",
    "id": "fablabchemnitz.de.simple_frame",
    "path": "simple_frame",
    "original_name": "Simple Frame",
    "original_id": "org.inkscape.estucheria.caja4p",
    "license": "GNU GPL v3",
    "license_url": "https://github.com/redentis/inkscape-extensions/blob/main/papercraft_frame.py",
    "comment": "",
    "source_url": "https://gitea.fablabchemnitz.de/FabLab_Chemnitz/mightyscape-1.X/src/branch/master/extensions/fablabchemnitz/simple_frame",
    "fork_url": "https://github.com/redentis/inkscape-extensions",
    "documentation_url": "",
    "inkscape_gallery_url": null,
    "main_authors": [
      "github.com/redentis",
      "github.com/vmario89"
    ]
  }
]