[
  {
    "name": "Knob Scale",
    "id": "fablabchemnitz.de.knob_scale",
    "path": "knob_scale",
    "dependent_extensions": null,
    "original_name": "Knob Scale",
    "original_id": "com.knob_scale",
    "license": "GNU GPL v3",
    "license_url": "https://github.com/leechwort/knob-scale-generator/blob/master/LICENSE",
    "comment": "",
    "source_url": "https://gitea.fablabchemnitz.de/FabLab_Chemnitz/mightyscape-1.X/src/branch/master/extensions/fablabchemnitz/knob_scale",
    "fork_url": "https://github.com/leechwort/knob-scale-generator",
    "documentation_url": "https://stadtfabrikanten.org/display/IFM/Knob+Scale",
    "inkscape_gallery_url": null,
    "main_authors": [
      "github.com/leechwort",
      "github.com/vmario89"
    ]
  }
]