[
  {
    "name": "Mirror",
    "id": "fablabchemnitz.de.mirror",
    "path": "mirror",
    "original_name": "Mirror",
    "original_id": "test.apex.mirror",
    "license": "GNU GPL v2",
    "license_url": "https://inkscape.org/~jeko/%E2%98%85mirror",
    "comment": "",
    "source_url": "https://gitea.fablabchemnitz.de/FabLab_Chemnitz/mightyscape-1.X/src/branch/master/extensions/fablabchemnitz/mirror",
    "fork_url": "https://inkscape.org/~jeko/%E2%98%85mirror",
    "documentation_url": "https://stadtfabrikanten.org/display/IFM/Mirror",
    "inkscape_gallery_url": null,
    "main_authors": [
      "inkscape.org/jeko",
      "github.com/vmario89"
    ]
  }
]