[
  {
    "name": "Inklin",
    "id": "fablabchemnitz.de.inklin",
    "path": "inklin",
    "dependent_extensions": null,
    "original_name": "Inklin",
    "original_id": "org.inkscape.inklin",
    "license": "GNU GPL v3",
    "license_url": "https://inkscape.org/de/~inklinea/%E2%98%85inklin",
    "comment": "",
    "source_url": "https://gitea.fablabchemnitz.de/FabLab_Chemnitz/mightyscape-1.X/src/branch/master/extensions/fablabchemnitz/inklin",
    "fork_url": "https://inkscape.org/de/~inklinea/%E2%98%85inklin",
    "documentation_url": "https://stadtfabrikanten.org/display/IFM/Inklin",
    "inkscape_gallery_url": null,
    "main_authors": [
      "inkscape.org/inklinea",
      "github.com/vmario89"
    ]
  }
]