[
  {
    "name": "Label Feature With Fill Color",
    "id": "fablabchemnitz.de.label_feature_with_fill_color",
    "path": "label_feature_with_fill_color",
    "dependent_extensions": null,
    "original_name": "Label feature with fill color",
    "original_id": "org.inkscape.labelColour",
    "license": "GNU GPL v3",
    "license_url": "https://gitlab.com/christoph.fink/inkscape-extension-colour-label/-/blob/master/LICENSE",
    "comment": "",
    "source_url": "https://gitea.fablabchemnitz.de/FabLab_Chemnitz/mightyscape-1.X/src/branch/master/extensions/fablabchemnitz/label_feature_with_fill_color",
    "fork_url": "https://gitlab.com/christoph.fink/inkscape-extension-colour-label",
    "documentation_url": "https://stadtfabrikanten.org/display/IFM/Label+Feature+With+Fill+Color",
    "inkscape_gallery_url": null,
    "main_authors": [
      "gitlab.com/christoph.fink",
      "github.com/vmario89"
    ]
  }
]