[
  {
    "name": "OCR (Image To Text)",
    "id": "fablabchemnitz.de.ocr",
    "path": "ocr",
    "original_name": "Image To Text",
    "original_id": "org.inkscape.ocr",
    "license": "Apache-2.0 License",
    "license_url": "https://github.com/amal-san/inkscape-ocr/blob/main/LICENSE",
    "comment": "",
    "source_url": "https://gitea.fablabchemnitz.de/FabLab_Chemnitz/mightyscape-1.X/src/branch/master/extensions/fablabchemnitz/ocr",
    "fork_url": "https://github.com/amal-san/inkscape-ocr",
    "documentation_url": "https://stadtfabrikanten.org/pages/viewpage.action?pageId=114524275",
    "inkscape_gallery_url": null,
    "main_authors": [
      "github.com/vmario89"
    ]
  }
]