[
  {
    "name": "<various>",
    "id": "info.festi.boxes.py.<various>",
    "path": "boxes.py",
    "original_name": "<various>",
    "original_id": "info.festi.boxes.py.<various>",
    "license": "GNU GPL v3",
    "license_url": "https://github.com/florianfesti/boxes/blob/master/LICENSE.txt",
    "comment": "",
    "source_url": "https://gitea.fablabchemnitz.de/FabLab_Chemnitz/mightyscape-1.X/src/branch/master/extensions/fablabchemnitz/boxes.py",
    "fork_url": "https://github.com/florianfesti/boxes",
    "documentation_url": "https://stadtfabrikanten.org/display/IFM/Boxes.py",
    "inkscape_gallery_url": null,
    "main_authors": [
      "github.com/vmario89"
    ]
  }
]