[
  {
    "name": "Fret Ruler",
    "id": "fablabchemnitz.de.fret_ruler",
    "path": "fret_ruler",
    "original_name": "Fret Ruler",
    "original_id": "Neon22.github.fret_ruler",
    "license": "GNU GPL v3",
    "license_url": "https://github.com/Neon22/inkscape_fret_ruler/blob/master/LICENSE",
    "comment": "ported to Inkscape v1 by Mario Voigt",
    "source_url": "https://gitea.fablabchemnitz.de/FabLab_Chemnitz/mightyscape-1.X/src/branch/master/extensions/fablabchemnitz/fret_ruler",
    "fork_url": "https://github.com/Neon22/inkscape_fret_ruler",
    "documentation_url": "https://stadtfabrikanten.org/display/IFM/Fret+Ruler",
    "inkscape_gallery_url": null,
    "main_authors": [
      "github.com/Neon22",   
      "github.com/vmario89"
    ]
  }
]