[
  {
    "name": "Snap Object Points",
    "id": "fablabchemnitz.de.snap_object_points",
    "path": "snap_object_points",
    "original_name": "Snap Object Points",
    "original_id": "org.pakin.filter.snap_objects",
    "license": "GNU GPL v3",
    "license_url": "https://inkscape.org/de/~pakin/%E2%98%85snap-object-points",
    "comment": "",
    "source_url": "https://gitea.fablabchemnitz.de/FabLab_Chemnitz/mightyscape-1.X/src/branch/master/extensions/fablabchemnitz/snap_object_points",
    "fork_url": "https://inkscape.org/de/~pakin/%E2%98%85snap-object-points",
    "documentation_url": "",
    "inkscape_gallery_url": null,
    "main_authors": [
      "inkscape.org/pakin",
      "github.com/vmario89"
    ]
  }
]