[
  {
    "name": "SVG Embed And Crop Images",
    "id": "fablabchemnitz.de.svg_embed_and_crop",
    "path": "svg_embed_and_crop",
    "original_name": "Embed and crop images",
    "original_id": "edu.emory.cellbio.svg.embedandcrop",
    "license": "MIT License",
    "license_url": "https://github.com/bnanes/svg-embed-and-crop/blob/master/LICENSE",
    "comment": "",
    "source_url": "https://gitea.fablabchemnitz.de/FabLab_Chemnitz/mightyscape-1.X/src/branch/master/extensions/fablabchemnitz/svg_embed_and_crop",
    "fork_url": "https://github.com/bnanes/svg-embed-and-crop",
    "documentation_url": "https://stadtfabrikanten.org/display/IFM/SVG+Embed+And+Crop",
    "inkscape_gallery_url": null,
    "main_authors": [
      "github.com/bnanes",
      "github.com/vmario89"
    ]
  }
]