[
  {
    "name": "Extruder",
    "id": "fablabchemnitz.de.extruder",
    "path": "extruder",
    "dependent_extensions": null,
    "original_name": "Extruder",
    "original_id": "org.inkscape.extruderz<",
    "license": "GNU GPL v3",
    "license_url": "https://github.com/obzerving/Extruderz/blob/main/LICENSE",
    "comment": "",
    "source_url": "https://gitea.fablabchemnitz.de/FabLab_Chemnitz/mightyscape-1.X/src/branch/master/extensions/fablabchemnitz/extruder",
    "fork_url": "https://github.com/obzerving/Extruderz",
    "documentation_url": "https://stadtfabrikanten.org/display/IFM/Extruder",
    "inkscape_gallery_url": null,
    "main_authors": [
      "github.com/obzerving",
      "github.com/vmario89"
    ]
  }
]