[
  {
    "name": "Laser Check",
    "id": "fablabchemnitz.de.laser_check",
    "path": "laser_check",
    "dependent_extensions": null,
    "original_name": "Laser Checkr",
    "original_id": "fablabchemnitz.de.laser_check",
    "license": "GNU GPL v4",
    "license_url": "",
    "comment": "",
    "source_url": "https://gitea.fablabchemnitz.de/FabLab_Chemnitz/mightyscape-1.X/src/branch/master/extensions/fablabchemnitz/laser_check",
    "fork_url": null,
    "documentation_url": "https://stadtfabrikanten.org/display/IFM/Laser+Check",
    "inkscape_gallery_url": null,
    "main_authors": [
      "github.com/vmario89"
    ]
  }
]