[
  {
    "name": "Starshine",
    "id": "fablabchemnitz.de.starshine",
    "path": "starshine",
    "original_name": "Starshine",
    "original_id": "hipix.Starshine",
    "license": "GNU AGPL v3",
    "license_url": "https://github.com/curiousmaster/hipix_inkscape_extensions/blob/main/LICENSE",
    "comment": "",
    "source_url": "https://gitea.fablabchemnitz.de/FabLab_Chemnitz/mightyscape-1.X/src/branch/master/extensions/fablabchemnitz/starshine",
    "fork_url": "https://github.com/curiousmaster/hipix_inkscape_extensions",
    "documentation_url": "https://stadtfabrikanten.org/display/IFM/Starshine",
    "inkscape_gallery_url": null,
    "main_authors": [
      "github.com/curiousmaster",
      "github.com/vmario89"
    ]
  }
]
