[
  {
    "name": "Purge Duplicate Path Segments",
    "id": "fablabchemnitz.de.purge_duplicate_path_segments",
    "path": "purge_duplicate_path_segments",
    "original_name": "Remove redundant edges",
    "original_id": "org.novalis.filter.removeredundant",
    "license": "GNU GPL v2",
    "license_url": "https://bugs.launchpad.net/inkscape/+bug/521988/+attachment/1150930/+files/removeredundant.py",
    "comment": "ported to Inkscape v1 by Mario Voigt",
    "source_url": "https://gitea.fablabchemnitz.de/FabLab_Chemnitz/mightyscape-1.X/src/branch/master/extensions/fablabchemnitz/purge_duplicate_path_segments",
    "fork_url": "https://bugs.launchpad.net/inkscape/+bug/521988",
    "documentation_url": "https://stadtfabrikanten.org/display/IFM/Purge+Duplicate+Path+Segments",
    "inkscape_gallery_url": null,
    "main_authors": [
      "github.com/vmario89"
    ]
  }
]