[
  {
    "name": "Vektorkollektor",
    "id": "fablabchemnitz.de.vektorkollektor",
    "path": "vektorkollektor",
    "dependent_extensions": null,
    "original_name": "Vektorkollektor",
    "original_id": "fablabchemnitz.de.vektorkollektor",
    "license": "GNU GPL v3",
    "license_url": "https://gitea.fablabchemnitz.de/FabLab_Chemnitz/mightyscape-1.X/src/branch/master/LICENSE",
    "comment": "Created by Mario Voigt. See http://www.vektorkollektor.com",
    "source_url": "https://gitea.fablabchemnitz.de/FabLab_Chemnitz/mightyscape-1.X/src/branch/master/extensions/fablabchemnitz/vektorkollektor",
    "fork_url": null,
    "documentation_url": "https://stadtfabrikanten.org/display/IFM/Vektorkollektor",
    "inkscape_gallery_url": null,
    "main_authors": [
      "niklasroy.com/Niklas Roy",
      "katihyyppa.com/Kati Hyyppä",
      "github.com/vmario89"
    ]
  }
]